sportshall,address,coordinates
Brilschans Berchem,Lodewijk Van Sullstraat,"(51.1870825, 4.4302863)"
H. Pius X Antwerpen,VIIde-Olympiadelaan 25,"(51.1830186, 4.3826007)"
Buurtsporthal Kiel 2 Antwerpen,August Leyweg 2,"(51.1945993, 4.378545193127615)"
Vordensteyn Schoten,Vordensteinstraat 76,"(51.25372965, 4.4931684704266015)"
Sportballon Deurne,Alfons Schneiderlaan 435,"(51.225947, 4.4730049)"
Wilrijkse Plein Antwerpen,Vogelzanglaan 6,"(51.3109831, 4.902741268081243)"
Parkloods Antwerpen,Damplein 36,"(51.2342637, 4.424897709565686)"
All Inn Antwerpen,Slachthuislaan 44,"(51.231621450000006, 4.432158851583972)"
Luchtbal Antwerpen,Santiagostraat 2,"(51.2481159, 4.42099420704)"
Kiel Antwerpen,Emiel Vloorsstraat,"(51.1943495, 4.3816268)"
Linkeroever Antwerpen,Blancefloerlaan 183,"(51.21925385, 4.3684565925160435)"
Het Rooi 2 Berchem,Berchemstadionstraat 73,"(51.18828795, 4.438156425627508)"
Het Rooi 1 Berchem,Berchemstadionstraat 73,"(51.18828795, 4.438156425627508)"
Koninklijk Atheneum Berchem,Uitbreidingstraat 246,"(51.1939649, 4.421354281783298)"
Plantin Moretus Borgerhout,Plantin en Moretuslei 343,"(51.20934605, 4.439445645083305)"
Luisbekelaar Borgerhout,Luisbekelaar,"(51.2055049, 4.446699)"
Boeckenberg Deurne,Grensstraat 21,"(51.0520304, 4.971252113784665)"
Fort VIII Hoboken,Hoofdfrontweg 9,"(51.1649884, 4.3455592)"
Sorghvliedt Hoboken,Krijgsbaan 20,"(51.1671534, 4.3540291)"
Notelaar Hoboken,Oudestraat 51,"(51.16706455, 4.392193263513514)"
Groenendaalcollege Merksem,Ullenhofstraat 2,"(51.2430061, 4.4358455)"
St-Eduardus Merksem,Broeder Frederikstraat 3,"(51.24605255, 4.450793158741009)"
Rode Loop Merksem,Rodeloopstraat 2,"(51.25022815, 4.442626029010594)"
Atlas Copco Wilrijk,Atomiumlaan,"(51.1516335, 4.3885902)"
Universitaire Instelling Antwerpen Wilrijk,Universiteitsplein 1,"(51.15798825, 4.408199989451656)"
De Bist Wilrijk,Koningin Elisabethstraat,"(51.1698709, 4.392187)"
De Ark Aartselaar,Kleistraat 204,"(51.13894085, 4.399524978550746)"
Sportpark Hove,Paul Van Ostaijenlaan 4,"(51.2195282, 4.385659511632559)"
Spectrumschool Deurne,Ruggeveldlaan 496,"(51.21912415, 4.4813748426164555)"
De Nachtegaal Kontich,Duffelsesteenweg 145,"(51.085797400000004, 4.52151716113972)"
Den Willecom Edegem,Terelststraat 2,"(51.1553682, 4.442961223845275)"
Karel De Grote Campus Zuid Antwerpen,Brusselstraat 45,"(51.202674, 4.390663259825647)"
UAntwerpen Middelheim Wilrijk,Middelheimlaan 1,"(51.1842377, 4.420983304494227)"
IGLO Linkeroever Antwerpen,Louis Paul Boonstraat 41,"(51.2251998, 4.3845712871179305)"
Den Drab Mortsel,Drabstraat 47,"(51.17174635, 4.46394296322535)"
Rode Loop 2 Merksem,Rodeloopstraat 2,"(51.25022815, 4.442626029010594)"
Atheneum Mortsel,Mechelsesteenweg 194,"(51.0254912, 4.538676114371228)"
Ter Smisse Borsbeek,Louis van Regenmortellei 6,"(51.195158649999996, 4.486746294441145)"
De Zeurt Schoten,Eksterdreef 6,"(51.24841635, 4.614730673794558)"
Mariënborgh Edegem,Doornstraat 69,"(51.13015505, 4.775761694756499)"
GO! Campus Ieperman Wilrijk,Kerkelei 43,"(51.238961149999994, 4.583635181602024)"
Kattenbroek Edegem,Kattenbroek 14,"(51.150106699999995, 4.424695540714674)"
UAntwerpen Stadscampus Antwerpen,Grote Kauwenberg 2,"(51.2233349, 4.410990775883231)"
Xaveriuscollege Borgerhout,Kerkendijk,"(51.2354983, 4.9714157)"
Maccabi Hoboken,Maccabilaan 32,"(51.1770769, 4.3393778)"
t Venneke Ekeren,Den Geer 21,"(51.28323305000001, 4.429576151347123)"
Sporthal Centrum Kapellen,Christiaan Pallemansstraat 84,"(51.3168158, 4.433677381058185)"
Hoogboom Kapellen,Kazerneweg 14,"(51.31128995, 4.452763737295083)"
St-Gabrielcollege Boechout,Lange Kroonstraat 72,"(51.163499200000004, 4.488476047059626)"
Mariaburg Brasschaat,Annadreef 7,"(51.293246499999995, 4.449213917856826)"
Den Draver Zwijndrecht,Fortlaan 10,"(51.215370750000005, 4.32719289358167)"
Sneppenbos Boechout,Vremdesesteenweg 224,"(51.1709705, 4.5158463)"
Capenberg Oxaco Boechout,Borsbeeksesteenweg 45,"(51.1946832, 4.469413835190464)"
Peerdsbos Brasschaat,Bredabaan 31,"(51.21908785, 4.582504156139239)"
Sportoase Elshout Brasschaat,Elshoutbaan 21,"(51.2854708, 4.5038546)"
KTA Brasschaat,Prins Kavellei 108,"(51.3001568, 4.4914772)"
Attenhoven Hoevenen,Kerkstraat 87,"(51.1081846, 4.728497359677947)"
Brieleke Wommelgem,Brieleke 16,"(51.20173495, 4.515026825442288)"
Annuntia Wijnegem,Kerkhofstraat,"(51.0772651, 4.7334197)"
Het Laerhof Merksem,Laarsebaan 100,"(51.248735100000005, 4.436389324777968)"
Campus KVO Merksem,Bredabaan 814 A,"(51.252320850000004, 4.455821031388098)"
Sint-Ludgardisschool Antwerpen,Maarschalk Gerardstraat 1,"(51.21316285, 4.404604569983396)"
De Polder Berendrecht,Zandweg 2A,"(51.3490535, 4.316018)"
Winketkaai Mechelen,Winketkaai 39,"(51.0317789, 4.4693597)"
Paardenstraatje Mechelen,Paardenstraatje 8,"(51.03017695, 4.4842008367269495)"
De Nekker Mechelen,Nekkerspoel-Borcht 19,"(51.0250205, 4.5027667)"
Arena Walem,Pastorijstraat 50,"(51.06604915, 4.983233363942688)"
De Plaon Mechelen,Eksterstraat 100,"(51.1737627, 4.971314848076921)"
Kouter Leest,Dorpstraat 67,"(51.16179675, 4.603537271363132)"
Sporthal Tisselt,Kotterlaan 4,"(51.0353193, 4.3565293)"
Koninklijk Atheneum Boom,Conscienceplein,"(51.0972395, 4.3731255)"
Vrijhals Breendonk,Cyriel Verschaevestraat 15,"(51.04806875, 4.327332896485636)"
Uitgedekt Schoor Terhagen,Europalaan 3,"(51.2107783, 4.610502133367984)"
De Schalk Willebroek,Stadionlaan 2,"(51.06169225, 4.3458253911458335)"
BraxHall Boom,Kapelstraat 143,"(51.173941, 4.34323659407342)"
t Spui Lier,Predikherenlaan 18,"(51.1336351, 4.57482161554793)"
St-Gummaruscollege Lier,Kanunnik Davidlaan 10,"(51.128628, 4.5660878414581125)"
De Pollepel Duffel,Naalstraat 43b,"(51.0828562, 4.5129726)"
Rooienberg Duffel,Rooienberg 58,"(51.0964932, 4.4927607)"
De Komeet Lier,Eeuwfeestlaan 183,"(51.13905595, 4.567093038588801)"
De Witte Merel Lint,Liersesteenweg 25,"(51.13906155, 4.623833544360092)"
VTI Lier,Kruisbogenhofstraat 7,"(51.13474145, 4.567272991065565)"
Campus Arthur Vanderpoorten Lier,Arthur Vanderpoortenlaan 35,"(51.1278648, 4.5736122)"
Stadspark Lier,Leuvensevest 54,"(51.12708025, 4.574314185379274)"
BimSem Mechelen,Bleekstraat 3,"(51.24731615, 5.107485495427577)"
Sint-Romboutscollege Mechelen,Veemarkt 56,"(51.02998345, 4.484716184209411)"
t Stapveld Berlaar,Pastorijstraat 62,"(51.1193642, 4.6686697)"
Gemeentelijke Sporthal Nijlen,Gemeentestraat 36a,"(51.1611403, 4.6708145)"
De Putting Kessel,Grote Puttingbaan 8a,"(51.14854565, 4.630985062396563)"
Heilig Hart van Maria Berlaar,Sollevelden 2,"(51.0571808, 4.673767113095037)"
IHAM Mechelen,Bautersemstraat 57,"(51.0151896, 4.4854182)"
Appelaar Muizen,Jan Frans van Geelstraat,"(51.0092792, 4.5157778)"
Ter Heide Hofstade,Zandstraat 3,"(51.2251468, 4.907668923737297)"
Gemeentelijke Sporthal Zemst,Schoolstraat 13,"(51.116412749999995, 4.658652282272765)"
Berentrode Bonheiden,Grote Doelstraat 1b,"(51.0279526, 4.5518184)"
Heiveld St-Katelijne-Waver,Dreefvelden 1,"(51.063646, 4.5338877)"
PTS Mechelen,Antwerpsesteenweg 145,"(51.1381775, 4.558039436082245)"
Bruultjeshoek Onze Lieve Vrouw Waver,Wavervelden 14,"(51.062440499999994, 4.575032795784536)"
Klein Boom Putte,Mechelbaan 604,"(51.05092525, 4.61381540975562)"
De Hoge Rielen Lichtaart,Molenstraat 62,"(51.20505985, 4.763959497187949)"
Duineneind Kasterlee,Duineneind 15,"(51.23626505, 4.973627114743328)"
Bemdhal Arendonk,Diepenbeemd 14,"(51.317834899999994, 5.083522436069327)"
Okido Arendonk,Kerkstraat 11,"(51.17526815, 4.835836466848303)"
t Beerke Beerse,Rerum Novarumlaan 31,"(51.32435405, 4.926348893698845)"
De Pegger Beerse,Wetschot 2,"(51.2939424, 4.7879221)"
Balsakker Lille,Balsakker,"(51.238364, 4.815968)"
t Hofeind Zaal A Merksplas,Hofeinde 1,"(51.214099250000004, 4.642037561804642)"
t Hofeind Zaal B Merksplas,Hofeinde 1,"(51.214099250000004, 4.642037561804642)"
De Hoogt Oud-Turnhout,De Hoogt 20,"(51.325277, 4.9779079147319045)"
Boesdijkhof Retie,Boesdijkhofstraat 22 A,"(51.2704327, 5.0845841)"
De Kuiperij Sint-Jozef,Kerkdreef 61,"(51.3293453, 4.782261805317275)"
Tielenhei Tielen,Prijstraat 68,"(51.2559769, 4.8974961532224945)"
Horito Turnhout,Hertoginstraat,"(51.3254244, 4.9243802)"
Sint-Pietersinstituut Turnhout,Jubileumlaan 1,"(51.330517799999996, 4.960737435391202)"
Sint-Victor Turnhout,Kasteelplein 20,"(51.12695685, 4.4879827)"
Technico Turnhout,Smiskensstraat,"(51.3152237, 4.9465058)"
Stadspark Turnhout,Steenweg op Zevendonk 18,"(51.3086011, 4.9482808)"
Diepvenneke Hal 1 Vosselaar,Diepvenneke 43,"(51.3019459, 4.893705245052685)"
Diepvenneke Hal 2 Vosselaar,Diepvenneke 43,"(51.3019459, 4.893705245052685)"
Thomas More Turnhout,Campus Blairon 800,"(51.3175338, 4.929279023970402)"
Brasel Dessel,Sportpark 2,"(51.2415358, 5.0736358)"
Breeven Bornem,Barelstraat 111B,"(51.092314599999995, 4.237246676782025)"
Ter Dilft Bornem,Sint-Amandsesteenweg 41,"(51.0940712, 4.232216843440745)"
August Wyn Niel,Jozef Wauterslaan,"(51.1106314, 4.3327363)"
Binder Puurs,Forum 4,"(51.0745804, 4.2743393)"
Scherpenstein Schelle,Parklaan 3,"(51.17416715, 4.7840182488664995)"
De Lijster Londerzeel,Lijsterstraat 1,"(51.0430852, 4.8009222617595135)"
Sporthal Hemiksem,Atletiekstraat 1,"(51.1351707, 4.342467351921423)"
De Mixx Herselt,Herentalsesteenweg 30,"(51.222409049999996, 4.911768180265016)"
De Beeltjens Westerlo,Kasteelpark 6,"(51.090372, 4.9084916)"
Sporta Tongerlo,Geneinde 2,"(51.10438095, 4.899993394600911)"
De Wimpel Wiekevorst,Dalstraat 28,"(51.1404238, 4.641368707340806)"
Sportpark Joris Verhaegen Hulshout,Industriepark 3,"(51.0833299, 4.8038189)"
Kwade Plas Veerle,Kwade Plas 1,"(51.0645755, 4.9846108)"
Sporthal Noorderwijk,Sint-Bavostraat,"(51.1391574, 4.8417816)"
Den Aks Meerhout,Bevrijdingslaan,"(51.3150732, 4.9019353)"
De Duizendpoot Meerhout,Schoolstraat 1,"(51.03143775, 4.82778405929274)"
Sint-Maria Instituut Geel,Pas 110,"(51.158050700000004, 4.989111500931342)"
De Doelen Geel,Schuttershof,"(51.1588729, 4.9931531)"
De Zegge (Sint Jozef) Geel,Technische Schoolstraat 52,"(51.167131499999996, 4.9832935050951015)"
Koninklijk Atheneum Geel,Technische-Schoolstraat 15,"(51.16503815, 4.986356538862746)"
Axion Geel,Zwaarvoerdersspoor 1,"(51.1585309, 4.9470455)"
Sporthal 1 Olen,P. Verhaertstraat 7,"(51.167898300000004, 4.903270084918512)"
Sporthal 2 Olen,P. Verhaertstraat 7,"(51.167898300000004, 4.903270084918512)"
Netepark Herentals,Vorselaarsebaan 60,"(51.1898695, 4.8189159)"
De Vossenberg Herentals,Markgravenstraat 93,"(51.1777915, 4.823682515695786)"
KOSH Herentals,Ieperstraat 5,"(51.31785115, 4.935864506499373)"
Campus De Vesten Herentals,Augustijnenlaan 32,"(51.1766857, 4.841993568368364)"
't Kapelleke Herenthout,Bergense Steenweg 61,"(51.1485079, 4.767415258283261)"
Sporthal Heist-op-den-Berg,Lostraat 48a,"(51.0674915, 4.7354457)"
Forêts de soignes H1 Oudergem,Waverse Steenweg 2057,"(50.8072461, 4.443685945840228)"
Forêts de soignes H2 Oudergem,Waverse Steenweg 2057,"(50.8072461, 4.443685945840228)"
Forêts de soignes H3 Oudergem,Waverse Steenweg 2057,"(50.8072461, 4.443685945840228)"
Willegems Oudergem,Dorpelingstraat 89,"(50.81671, 4.4299593)"
Francois Guillaume Evere,Oudstrijderslaan 300,"(50.88411, 4.5364743)"
Mounier St-Lambrechts-Woluwe,Emmanuel Mounierlaan 87,"(50.8510607, 4.458613530635684)"
Aubier Evere,Twee Huizenstraat,"(50.8610998, 4.4172804)"
Koninklijk Atheneum Etterbeek,Edmond Mesenslaan 2,"(50.83113515, 4.408235262753902)"
Ceria Omnisporthal Anderlecht,Sentier de la Drève 16,"(50.81271905, 4.297722624196597)"
Henri Simonet Anderlecht,Theo Verbeecklaan 10/12,"(50.8338924, 4.2957607)"
Walcourt Anderlecht,Walcourtstraat 35,"(50.8264643, 4.302022735806904)"
Papenvest Brussel,Papenvest 101 - 103,"(50.8515986, 4.3435846)"
Rad Brussel,Radstraat 24,"(50.8416757, 4.346986670143779)"
Zuidpaleis Brussel,Rogier van der Weydenstraat 3,"(50.8419032, 4.3434804)"
Vander Puttenstadion Brussel,Slachthuislaan 51,"(50.8482427, 4.3369004)"
VUB Groene Zaal L456 Oudergem,Triomflaan 20,"(50.8248353, 4.397625329688772)"
VUB Parketzaal L123 Oudergem,Triomflaan 20,"(50.8248353, 4.397625329688772)"
Albert Demuyter Elsene,Voltastraat 18,"(50.8138165, 4.3952702)"
Maalbeek Etterbeek,Oudergemselaan 126,"(50.8414772, 4.3844011)"
Sportcentrum Etterbeek,Veldstraat 71,"(50.830476, 4.3937721)"
Richard Beauthier Ganshoren,Vandervekenstraat 114,"(50.87711585, 4.303650067034402)"
Sportcentrum Haren,Sporthalstraat 15,"(50.8915777, 4.420537382814446)"
Basic Fit Jette,Laarbeeklaan 125,"(50.885188850000006, 4.305764324238872)"
Jan van Ruusbroeckcollege Laken,Forumlaan 4,"(50.897058650000005, 4.354589574010085)"
Omnisportcentrum Laken,Kerkeveldstraat 73-89,"(50.875266100000005, 4.352756332644466)"
Sportcentrum Neder-over-Heembeek,Korte Groenweg 99,"(50.899653650000005, 4.393860438295518)"
Sportcomplex Neder-over-Heembeek,Lombardsijdestraat 120,"(50.89244395, 4.377105734318194)"
VRT Schaarbeek,Auguste Reyerslaan 52,"(50.8526185, 4.4043645)"
Emanuel Hiel Schaarbeek,Freesiadreef 7,"(50.864256, 4.391807305228072)"
Omnisportzaal St-Agatha-Berchem,Lusthuizenstraat 1,"(50.8694556, 4.2874141)"
Kasterlinden St-Agatha-Berchem,Poolsterstraat,"(50.8636921, 4.2846619)"
Sportcentrum St-Gillis,Ruslandstraat 41,"(50.8353413, 4.34119549025789)"
Sippelberg St-Jans-Molenbeek,Mahatma Gandhilaan 5,"(50.85991485, 4.32592149702081)"
Guy Cudell St-Joost-ten-Node,Tweekerkenstraat 107,"(50.8489089, 4.3742866)"
Sportcity St-Pieters-Woluwe,Salomélaan 2,"(50.8306758, 4.4566632)"
Drie Linden Watermaal-Bosvoorde,Léopold Wienerlaan 60,"(50.8064285, 4.409001649778105)"
Saint-Pierre College Ukkel,Coghenlaan 213,"(50.8054083, 4.3402442871302265)"
H.E.B. Institut Defré Ukkel,De Frélaan 62,"(50.80465595, 4.349565168045663)"
Zwartebeek Ukkel,Zwartebeekstraat 23,"(50.797663, 4.317310205624201)"
Klein Sportpaleis Vorst,Roosendaelstraat 2,"(50.80757795, 4.326858530909296)"
Van Volxem Vorst,Van Volxemlaan 391,"(50.82584565, 4.327033950846153)"
Vroegegroenten Vorst,Vroegegroentenstraat 20,"(50.82101955, 4.323035775097487)"
Muhammad Ali St-Jans-Molenbeek,Nijverheidskaai 31,"(50.848396, 4.333234450394298)"
Omnisportcomplex Jette,Graafschap Jettelaan,"(50.8830136, 4.3331888)"
Van Oost Schaarbeek,Van Ooststraat 52,"(50.8707533, 4.3740179)"
Kinetix Schaarbeek,Lambermontlaan 236,"(50.8694032, 4.3848184)"
Gemeenteomnisportzaal Schaarbeek,Algemeen Stemrechtlaan 22,"(50.86678545, 4.382916207262904)"
Comenius Koekelberg,Dapperenstraat 20,"(50.8621401, 4.3269306)"
Sint Goedele Anderlecht,Verheydenstraat 39,"(50.847222, 4.317481992473796)"
Complexe Sportif Cynthia Bolingo Brussel,Nieuwland 83,"(50.8409139, 4.3454576)"
Campus Kompas Schaarbeek,Gallaitstraat 58-60,"(50.8654307, 4.3676721)"
St-Michel Sint-Jans-Molenbeek,Picardstraat 170,"(50.8644331, 4.3422208)"
Lutgardiscollege Oudergem,Zandgroeflaan 2,"(50.81827645, 4.42883061733394)"
Ceria Sportcomplex Anderlecht,Lijstersstraat 51,"(50.8159342, 4.2982872)"
B.Sports St-Agatha-Berchem,Basilieklaan 14,"(50.86342105, 4.30125708569444)"
Sportcentrum Victoria Koekelberg,Léon Autriquestraat 4,"(50.8594583, 4.328283)"
Odisee Campus Parnas Dilbeek,Stationsstraat 301,"(50.8376528, 4.4347663)"
KTA Campus Wemmel,Zijp 14-16,"(50.9203351, 4.3366465)"
Stadshal Landen,Sportlaan 1,"(51.14686985, 5.600421460757314)"
Warande Geetbets,Ketelstraat 50,"(51.08447845, 5.680832064045505)"
Bevingen St-Truiden,Montenakenweg 145,"(50.802407849999994, 5.172529763830839)"
Atheneum St-Truiden,Jodenstraat 26,"(50.8133011, 5.1911794)"
Nieuw St-Truiden St-Truiden,Sportlaan,"(51.1732877, 5.5898255)"
Nina St-Truiden,Olympialaan 10,"(50.9605363, 5.697107497831631)"
Sporthal Nieuwerkerken,Kerkstraat 132,"(50.8674893, 5.194959291179337)"
De Winning Gingelom,Hannuitstraat 9,"(50.7193572, 5.1272499)"
Sporthal Heers,Raes Van Heerslaan 2,"(50.754043949999996, 5.3030441753628)"
Vilsterbron Borgloon,St-Rochuslaan 12,"(50.8018419, 5.354650697593783)"
De Bloken Wellen,Kortestraat 12,"(50.98545795, 5.709169754850232)"
Trudo St-Truiden,Sint-Jansstraat 5,"(50.80781905, 5.572630759198395)"
De Alk Alken,Koutermanstraat 2,"(50.8761882, 5.3142379)"
Hasp-O Centrum St-Truiden,Fabriekstraat 51,"(51.1934186, 5.5195977962178535)"
Demerstrand Diepenbeek,Stationsstraat,"(50.9094777, 5.419501)"
Fitlink Diepenbeek,Ginderoverstraat,"(50.9367949, 5.4126001)"
Basic Fit Diepenbeek,Ginderoverstraat 72,"(50.9313712, 5.403418630800295)"
Alverberg Hasselt,Herkenrodesingel 33,"(50.9390878, 5.321115640812721)"
Sporthal Kiewit Hasselt,Tulpinstraat 42,"(50.957929899999996, 5.3697357503004834)"
Go Next Hasselt,Elfde Liniestraat 14,"(50.93569325, 5.346693900575067)"
Kindsheid Jesu Hasselt,Kempische Steenweg 400,"(50.951764600000004, 5.346353770473168)"
Rapertingen Hasselt,Bieststraat 40,"(50.90043945, 5.357644440466242)"
Runkst Hasselt,Djef Swennenstraat 17,"(50.92673955, 5.318715974744928)"
PXL Hasselt,Vildersstraat 5,"(50.93499155, 5.345221202021082)"
Basisschool Spalbeek Kermt,Spalbeekstraat 64,"(50.95298335, 5.233070045879735)"
Sporthal Kuringen,Grote Baan 171,"(50.94215685, 5.296851450868889)"
SBS Kuringen,Van Groesbeekstraat 21,"(50.9419676, 5.306869009008745)"
Mariaburcht Stevoort,Hasseltse Dreef 115,"(50.91851765, 5.2491937048088255)"
Ter Donk Zonhoven,Kievitveldstraat 4,"(50.978957300000005, 5.354019204701517)"
Kneipp Bokrijk,Kneippstraat,"(50.9532817, 5.4287387)"
Virga Jessecollege Hasselt,Stadsomvaart 6,"(50.92763, 5.3448496)"
Elckerlyc Hasselt,Pastorijstraat 4,"(51.153941700000004, 5.504354346238596)"
St-Jozefinstituut Bokrijk,Hasseltweg 383,"(50.9551393, 5.4267510972184585)"
De Zonhoeve Beverst,Zonhoevestraat,"(50.8903964, 5.4741928)"
Herkules Herk-de-Stad,Ursulinenstraat 1 bus 1,"(50.9439556, 5.1615126)"
Kattevenia Genk,Kattevennen 15,"(50.955615249999994, 5.533209418743297)"
De Weyer Kortessem,Oud Mersenhoven 15 C,"(50.8589665, 5.3912818)"
De Koekoek Achel,Grevenbroekstraat 11,"(51.2570354, 5.4817834)"
Het Lo Achel,Leeuwerikstraat,"(51.0317201, 5.5477411)"
De Damburg Hal 1 Bocholt,Brogelerweg 59,"(51.1666111, 5.5429311)"
De Damburg Hal 2 Bocholt,Brogelerweg 59,"(51.1666111, 5.5429311)"
Sint-Augustinus Bree,Sint-Jacobstraat 3,"(51.13865415, 5.5986919194440805)"
Sporthal 1 Bree,Sportlaan 6,"(51.1475863, 5.5958724)"
Sporthal 2 Bree,Sportlaan 6,"(51.1475863, 5.5958724)"
De Posthoorn Hamont,Stationsstraat 5,"(50.909503, 5.419237022192981)"
Sporthal Hechtel-Eksel,Dennenstraat 8,"(50.9974073, 5.526240106082431)"
Don Boscocollege Hechtel-Eksel,Don Boscostraat 72,"(51.1160823, 5.365295688512983)"
De Steenakker Kaulille,Steenakkerstraat,"(50.9891646, 5.7411547)"
Provinciaal Instituut Lommel,Duinenstraat 1,"(51.058620250000004, 5.61344344436329)"
Basisschool De Schommel Lommel,Haardstraat 6,"(51.0059193, 5.508863312760356)"
Basisschool Sint-Jan Lommel,Kerkweg 22,"(51.1631659, 5.2643369)"
Campus Mercurius Lommel,Mudakkers 25,"(51.231748350000004, 5.31516645087264)"
WICO Lommel,Pieter Breugheldreef 4,"(51.241300249999995, 5.312497875896322)"
De Soeverein Lommel,Sportveldenstraat 10,"(51.2450367, 5.3070727)"
Hubertushal Pelt,Stationsstraat 25,"(50.96499345, 5.5005718615418395)"
WICO Campus St-Maria Pelt,Stationsstraat 74,"(51.24539625, 5.5460759)"
Dommelhof Pelt,Toekomstlaan 5,"(50.9261789, 5.688994095203411)"
Technisch Instituut St-Jozef Pelt,Dorpsstraat 91,"(50.81678985, 5.531408724382128)"
De Bemvoort A B C Pelt,Jeugdlaan 8,"(50.8357646, 5.397671526834114)"
De Bemvoort E F G Pelt,Jeugdlaan 8,"(50.8357646, 5.397671526834114)"
Atheneum VOX Pelt,Sint-Jansstraat,"(50.8082134, 5.5726882)"
De Deuster Peer,Deusterstraat 74 B,"(51.12567205, 5.472081612518574)"
Sportcentrum Meeuwen,Kerkplein 1,"(51.1724923, 5.5788087769151105)"
Regina Mundi Genk,Klokkuilstraat,"(50.9631478, 5.495863560109301)"
St-Jan Berchmanscollege Genk,Collegelaan 1,"(50.976660499999994, 5.51587693812515)"
Alpha SportinGenk Park Genk,Emiel Van Dorenlaan 144,"(50.983695, 5.5109892)"
De Blookberg Zutendaal,Blookbergstraat 7,"(50.9275436, 5.572877397511274)"
Sportoase Montaignehof Lanaken,N78 21,"(50.83004335, 5.625337327476011)"
De Borg Neeroeteren,Rotemerlaan 36,"(51.08309, 5.702957899719941)"
AG Sport Maaseik,Sportlaan 8,"(51.175320400000004, 5.586744945030659)"
De Spil Dilsen-Stokkem,Koning Boudewijnplein 1,"(51.0090504, 5.606094878201635)"
De Schans Kinrooi,Nelisveld 13 bus 1,"(51.1427439, 5.7378674)"
Ophoven Kinrooi,De Belder 17,"(51.125445049999996, 5.799324408607)"
Schietskuil Maasmechelen,Multatulistraat 14,"(50.983045, 5.7181985)"
De Kommel Maasmechelen,Olympialaan 4,"(50.9613853, 5.6978198)"
De Helix Maasmechelen,Collegestraat,"(51.2350859, 5.5426749)"
Vakantiehuis Fabiola Maasmechelen,Weldoenerslaan 5,"(50.97775795, 5.669859083802399)"
Gemeentelijke Sporthal As,Schuttenbergstraat 2,"(51.007213050000004, 5.594943210796862)"
Sportcentrum Opglabbeek,Weg naar Gruitrode 2,"(51.0468614, 5.58606089490938)"
Campus Mosa-RT Maaseik,Weertersteenweg 135a,"(51.1087, 5.7808005)"
Itterdal Bree,Opitterkiezel 240a,"(51.1296136, 5.6219646)"
Spectrumcollege Beringen,Bogaarsveldstraat,"(51.0510041, 5.2209867)"
t Beverke Beverlo,Beverpad 15,"(50.90257455, 5.680732391194111)"
Curticella Koersel,Sportlaan 20,"(51.0365052, 5.708995768592331)"
t Park Paal,Parkstraat 40,"(50.8992274, 5.278299178837057)"
Eversel Heusden,Padbroekweg 1,"(51.02687505, 5.239753440588236)"
Sportcentrum Heusden,Pastoor Van Mierlolaan 17,"(51.0311028, 5.279835999434663)"
MPI Lummen,Sint-Ferdinandstraat 1,"(50.99762575, 5.186263260109101)"
De Vijfsprong Lummen,Sportweg 8,"(50.9914108, 5.189951148746418)"
Kristoffelheem Oostham,Schoolstraat 10,"(51.133643899999996, 5.257113736397304)"
t Geleeg Leopoldsburg,Caimolaan 130,"(51.1174654, 5.247618958779529)"
Sportcentrum Zolder,Dekenstraat 20,"(51.0261209, 5.3238951)"
Bolderberg Zolder,Vrunstraat 30,"(50.9887023, 5.277729032746478)"
Berkenbos Heusden,Pastoor Paquaylaan 121,"(51.044205000000005, 5.310704409031111)"
St-Franciscuscollege Heusden,Minderbroedersstraat 9,"(51.00015875, 5.5080959663861)"
t Vlietje Kwaadmechelen,Sportlaan 10a,"(51.0977644, 5.149998671918487)"
Zuid Leopoldsburg,Baron Rucquoylaan,"(51.1119017, 5.2775597)"
Sint Michiel Leopoldsburg,Diestersteenweg 13,"(50.9494375, 5.1096637)"
Sportcentrum Helchteren,Sportstraat 11 B,"(51.0611399, 5.388533786515149)"
Lakerveld Houthalen-Helchteren,Guldensporenlaan 16 A,"(51.035551749999996, 5.37225276581472)"
Berkenveld Houthalen-Helchteren,Saviostraat 48,"(51.024706300000005, 5.398541061732008)"
Houthalen-Oost Houthalen-Helchteren,Vogelkersstraat 11,"(51.2467551, 5.328648861053431)"
Russelberg Tessenderlo,Gerhagenstraat 58,"(51.0651627, 5.082022756984367)"
De Kambergen Zelem,Kruisstraat 35,"(50.973002699999995, 5.122324769360489)"
De Voordijcker Tessenderlo,Sportlaan 9,"(51.1470888, 5.599404342440669)"
Velodroom Heusden-Zolder,Terlaemen 30,"(50.993158300000005, 5.265381323094614)"
De Voorstad Aalst,Cesar Haeltermanstraat 71,"(50.9456155, 4.0257681247688355)"
Koninklijk Atheneum Aalst,Graanmarkt 14,"(50.83547515, 4.023382145817221)"
Ten Rozen Aalst,Rozendreef,"(50.9534026, 4.0742825)"
Sint-Jozefcollege Aalst,Stoofstraat 7,"(50.8629171, 3.8076707)"
Koninklijk Atheneum Denderleeuw,De Nayerstraat 11 A,"(50.89004705, 4.078345299296474)"
IKSO Denderleeuw,Nieuwstraat 1,"(50.922701399999994, 3.97009969616066)"
Andre Ottoy Denderleeuw,Walleken 12,"(50.94958005, 4.047433702281129)"
Schotte Erembodegem,Kapellekensbaan,"(50.9237998, 4.0530152)"
Denderdal Erembodegem,Kortestraat 12,"(51.1425954, 3.962280657880435)"
Steenberg Erpe-Mere,Oudenaardsesteenweg 458,"(50.9238974, 3.9433308)"
De Ommegang Lede,Ommeganglaan 38,"(50.9610715, 3.9798054)"
Faluintjes Moorsel,Beugemstraat,"(50.9501819, 4.0970468)"
Appels Dendermonde,Steenweg van Aalst 41,"(51.02884555, 4.069089356591791)"
Sporthal Berlare,Dorp 37 D,"(51.2362976, 3.6745333)"
Oscar Romero Dendermonde,Kerkstraat 95/97,"(50.9404138, 3.4564494)"
Sint-Gillis Dendermonde,Van Langenhovestraat 203 A,"(51.0185853, 4.1068344)"
Scheldedreef Dendermonde,Scheldedreef 28 A,"(51.03883905, 4.098875848586006)"
Sporthal Lebbeke,Koning Albert I-straat 124,"(50.997950450000005, 4.141218960631821)"
Heiveld Opwijk,Heiveld 65,"(51.223144, 4.248474938659784)"
Sporthal Oudegem,Ouburg 63 B,"(51.0077477, 4.0620044)"
Bellekouter Affligem,Bellestraat 99,"(51.17575275, 4.180249223364228)"
De Pit Buggenhout,Platteput 14,"(51.013277, 4.1939436)"
Polderbos De Pinte,Polderbos 20,"(50.99113155, 3.644847560324581)"
Keiskant Drongen,Keiskantstraat 3,"(51.045228, 3.6397283)"
Sporthal Evergem,Kapellestraat 75,"(51.11411125, 3.7113902002914507)"
Sint Jozef Gent,Ebergiste De Deynestraat 1,"(51.0172525, 3.7116779)"
Hogeschool Gent,Sint-Denijslaan 251,"(51.03382135, 3.7061682272736887)"
Tolhuis Gent,Tolhuislaan 77-79,"(51.0644609, 3.7263614)"
Omnisporthal Gent,Zuiderlaan 14,"(51.051843, 3.6753354)"
Driebeek Gentbrugge,Driebeekstraat 22,"(51.0381469, 3.7683288)"
Veldmeers Laarne,Leeweg 25,"(51.030574, 3.8745581)"
Sporthal Landegem,Stationsstraat 19,"(51.0847276, 3.448229402659453)"
Bourgoyen Gent,Driepikkelstraat 30,"(51.0680476, 3.6840499)"
Higro Mariakerke,Industrieweg 228,"(51.0874118, 3.67100560531858)"
College Melle,Brusselsesteenweg 459,"(51.03397685, 3.756810361271717)"
Ter Wallen Merelbeke,Sportstraat 1,"(51.174318299999996, 3.9449596884806977)"
Edugo Arena Oostakker,Sint-Jozefstraat 7,"(51.0901996, 3.9765366564437072)"
Wolfput Oostakker,Wolfputstraat 92,"(51.09282695, 3.7648900011917488)"
BalRozebroeken St-Amandsberg,Victor Braeckmanlaan 180,"(51.05970275, 3.761059327457051)"
OmniRozebroeken St-Amandsberg,Victor Braeckmanlaan 180,"(51.05970275, 3.761059327457051)"
Sporthal St-Martens-Latem,Hoge Heirweg 64,"(51.0125856, 3.6319541755558995)"
Neptunus Wondelgem,Botestraat 98,"(51.08855695, 3.7035355572737387)"
Hekers Zwijnaarde,Ter Linden 29,"(51.0032085, 3.7108744)"
Bergenmeers Destelbergen,Bergenmeersstraat,"(51.0532204, 3.7994565)"
Oostbroek Nevele,Zeistraat 41,"(51.0335034, 3.5557154)"
Sint-Lievenscollege Gent,Volmolenstraat,"(51.0554945, 3.7327337)"
Sint-Gregorius Gent,Jules Destréelaan 67,"(51.030789150000004, 3.7763551986868595)"
Tondelier Gent,Gasmeterlaan,"(51.0678217, 3.7261811)"
Atheneum Wispelberg Gent,Wispelbergstraat 2,"(51.0525, 3.7128494855830163)"
Henleykaai Gent,Henleykaai,"(51.0427764, 3.7169811)"
Melopee Gent,Kompasplein 2,"(51.0642823, 3.7377721)"
Sporthal Nazareth,Drapstraat 76,"(50.95738825, 3.6087203129230616)"
t Veerleveld Lochristi,Kanunnik Petrus Jozef Triestlaan 1,"(51.1332604, 3.8609084)"
Overbeke Gavere,Veldstraat 14,"(50.7626695, 3.8484049999999996)"
De Kluize Oosterzele,Sportstraat 5,"(51.173962450000005, 3.9450143204759445)"
Uyttenhove Lochristi,Zavel 7,"(51.1085629, 3.8855511763010564)"
Den Boer Zomergem,Den Boer 17,"(51.1225771, 3.5619553)"
De Warande Wetteren,Warandelaan 14 b,"(51.002919, 3.8899409)"
Dracuna Gent,Dracenastraat 8,"(51.0764262, 3.7153396)"
Jenaplanschool De Feniks Gent,Acaciastraat 11,"(50.93216055, 4.040255869575564)"
Scaldis Gavere,Kasteeldreef 27,"(51.15113995, 3.9609999526944)"
MEOS Maldegem,Bloemestraat 36D,"(51.2126571, 3.4523248)"
De Berken Maldegem,Kleitkalseide,"(51.1708975, 3.4461616)"
Hoge Wal Evergem,Guldensporenlaan 34,"(51.17207, 3.7390611)"
Sporthal Sint-Laureins,Dorpsstraat 71,"(51.10205015, 3.8325932736310326)"
Sportpark Eeklo,Burg. Lionel Pussemierstraat 157,"(51.1848351, 3.5785221)"
Sportcentrum Lembeke,Heihoekse Kerkwegel 11,"(51.19273295, 3.632554940456077)"
Berkakker Kaprijke,De Taeyestraat 40 A,"(51.2171035, 3.6142846)"
Sporthal Assenede,Kapelledreef 4,"(51.2303627, 3.749513636578435)"
Eurohal Zelzate,Oostkade 1/A000,"(51.19950885, 3.8093587733579692)"
Ten Doorn Eeklo,Zuidmoerstraat 125,"(51.179111899999995, 3.566324430313812)"
Atletico Maldegem,Staatsbaan 52,"(50.9248593, 3.4485748)"
Sportcentrum Waarschoot Lievegem,Kleine Weg 3,"(51.1534946, 3.6096713)"
PTI Eeklo,Roze 131,"(51.1905342, 3.575236073576974)"
Groenhof Oudenaarde,Groenstraat 46,"(51.1124811, 4.020781999894499)"
Ter Muncken Avelgem,Doorniksesteenweg 226,"(50.7401755, 3.5741883)"
De Rijdt Brakel,Jagersstraat 64 A,"(51.1248442, 4.1756503)"
De Vierklaver Gavere,Middelwijk 6,"(50.9276631, 3.6680674)"
Kluisbos Kluisbergen,Poletsestraat 59,"(50.7636934, 3.4909618)"
De Zandloper Lierde,Nieuwstraat 23,"(51.01941695, 3.6755764853866215)"
Bernardus College Oudenaarde,Hoogstraat 30,"(51.10679605, 3.9728876016418657)"
Rode Los Oudenaarde,Rodelos,"(50.8520449, 3.6148057)"
Sportkot Oudenaarde,Sompelplein,"(50.8324574, 3.6058323)"
t Rosco Ronse,Leuzesesteenweg 241,"(50.7384009, 3.5878829)"
Sint-Antoniuscollege Ronse,Oudstrijderslaan 5/12,"(50.9999692, 3.7522247)"
KSO Glorieux Ronse,Sint-Pietersnieuwstraat 22,"(51.24271365, 4.090821202397912)"
Sporthal Zwalm,Sportlaan 1,"(50.87605445, 3.731849043978818)"
Sporthal Kruishoutem,Woestijnestraat 13,"(50.9016087, 3.527630700029965)"
De Ruffel Wortegem-Petegem,Nellekensweg 1,"(50.836927349999996, 3.558619268339693)"
Meulenbroek Hal 1 Hamme,Kaaiplein 32,"(51.10258880000001, 4.135869652695049)"
Meulenbroek Hal 2 Hamme,Kaaiplein 32,"(51.10258880000001, 4.135869652695049)"
De Veerman Hamme,Loystraat 70,"(51.090465550000005, 4.141336942766124)"
De Klavers Belsele,St-Andriesstraat 4,"(51.1471627, 4.095262834112935)"
t Wit Zand Beveren,Albrecht Rodenbachlaan 23,"(51.2251174, 4.2825825)"
De Meerminnen Beveren,Klapperstraat 103,"(51.2116482, 4.2426354)"
Sporthal Kemzeke,Stationsstraat 18,"(51.211771299999995, 4.256957279326354)"
Sportcomplex Hal 1 Lokeren,Sportlaan 2,"(51.1076445, 3.9929168818110083)"
Sportcomplex Hal 2 Lokeren,Sportlaan 2,"(51.1076445, 3.9929168818110083)"
De Mispelaer Nieuwkerken-Waas,Gyselstraat 41,"(51.19584825, 4.177842761708318)"
Ter Beke Sinaai-Waas,Vleeshouwersstraat 4,"(51.15570475, 4.048439526079182)"
De Sportstek Blauw Stekene,Nieuwstraat 60,"(51.2067482, 4.046337176420076)"
De Sportstek Groen Stekene,Nieuwstraat 60 D,"(50.9822154, 4.0870074)"
De Gavers St-Gillis-Waas,Kardinaal J.Cardijnstraat 1,"(51.217586600000004, 4.123879990089591)"
De Witte Molen St-Niklaas,Azalealaan 29,"(51.12667115, 4.197456134590411)"
VTS St-Niklaas,Breedstraat 152,"(51.16513925, 4.165323160213999)"
St-Jozef Klein Seminarie St-Niklaas,Collegestraat 31,"(51.0642606, 4.043628337442794)"
De Ster St-Niklaas,Lange Rekstraat 30,"(51.16949015, 4.186196606773299)"
Broederschool St-Niklaas,Nieuwstraat 75,"(51.198528499999995, 3.6147029356779967)"
OLV Presentatie St-Niklaas,Hofstraat 134,"(51.16766665, 4.137085060548274)"
Temsica Temse,Gasthuisstraat 78 A,"(51.13077, 4.211582312301854)"
Het Gelaag Temse,Sparrenlaan 25,"(51.1272087, 4.275859714535489)"
Tilroda Tielrode,Antwerpse Steenweg 5,"(51.11306999999999, 4.175627522336063)"
Hoogendonck Waasmunster,Nijverheidslaan 48,"(50.8275335, 4.016385962499999)"
De Jasmijn St-Niklaas,Jasmijnenweg 2,"(51.1628755, 4.166377067319804)"
De Perel Beveren,Kallodam,"(51.2517426, 4.2821503)"
Topsporthal Beveren,Klapperstraat,"(51.2106993, 4.2449931)"
Molenberg St-Gillis-Waas,Kieldrechtstraat 12,"(51.2568684, 4.0918056472891315)"
De Meermin Waasmunster,Abdij van Roosenberglaan,"(51.1047853, 4.0872899)"
Carenna Beveren,Pastoor Jasparsstraat 38,"(51.25535025, 4.182053249151607)"
Heilige Familie St-Niklaas,Collegestraat,"(51.0647801, 4.0429023)"
Sporthal Moerbeke-Waas,Hospicestraat 18,"(51.1758203, 3.9583519)"
Sporthal Moerbeke,Moerhofstraat 18b,"(51.176301, 3.945491018249559)"
Heilig Hart Heverlee,Hertogstraat 189,"(50.8564566, 4.704102059513458)"
De Zeype Kampenhout,Zeypestraat,"(50.953268, 4.5613894)"
t Solveld Tielt-Winge,Ralisweg 17,"(50.9403044, 4.911018775563081)"
Sporthal Lubbeek,Gellenberg 14,"(50.8830595, 4.840572222181347)"
Ivo Van Damme Veltem,Overstraat 21,"(50.9161128, 5.008711580338662)"
Sportschuur Wilsele,Brandweg 8,"(50.9023276, 4.7030874)"
Rijschool Leuven,Rijschoolstraat 21,"(50.80524145, 4.934265450507219)"
Ter Heide Rotselaar,Vakenstraat 18,"(50.9618225, 4.7224534)"
Sportcomplex Kessel-Lo,Stadionlaan 4,"(50.8829423, 4.7347375)"
Redingenhof Leuven,Remi Vandervaerenlaan,"(50.8747005, 4.6929364)"
Sportcomplex Heverlee,Hertogstraat 180,"(50.85586605, 4.704601639174923)"
De Borre Bierbeek,Speelpleinstraat 10,"(50.8276554, 4.7533468)"
UCLL Heverlee,Kerspelstraat 70,"(50.8588859, 4.7060773)"
Sporthal Erps-Kwerps,Oudebaan 14,"(50.97319125, 4.890980076546068)"
Sportoase Leuven,Philipssite 6,"(50.8677895, 4.7108393)"
Sportschuur Holsbeek,St Maurusstraat 2,"(50.921773, 4.7575284)"
Colomba Kortenberg,Wijngaardstraat,"(50.7769862, 4.8918497)"
Den Dijk Wespelaar,Dijkstraat 1,"(50.90558705, 4.515003098949529)"
Demervallei Aarschot,Demervallei 8,"(50.98410115, 4.840186739754099)"
De Tumkens Betekom,Pastoor Pitetlaan 30,"(50.988855799999996, 4.7849615946780375)"
GBS De Stip Linden,Martelarenplaats 1,"(50.895165950000006, 4.768506301222969)"
Sportodroom Boutersem,Kerkomsesteenweg 49,"(50.8411382, 4.8348356)"
Ter Linde Glabbeek,Tiensesteenweg 196,"(50.87055205, 4.95896718116248)"
Houtemveld Hal 1 Tienen,Sporthalstraat 12,"(50.81892, 4.9456346)"
Bekaf Noord Aarschot,Bekaflaan 62,"(50.9872868, 4.847219957105654)"
Wijnpers Leuven,Mechelsevest 72,"(50.886411949999996, 4.6881223149985)"
Den Box Wespelaar,Dijkstraat 1,"(50.90558705, 4.515003098949529)"
KAMSA Aarschot,Pastoor Dergentlaan 47,"(50.9882991, 4.8370046)"
Bart Swings Herent,Kouterstraat 1,"(50.9025437, 4.667638)"
Verona Bertem,Dorpstraat 259,"(50.8575408, 4.616957716060645)"
Sint Albertuscollege Leuven,Geldenaaksebaan 277,"(50.8571714, 4.721547024909468)"
Den Heurk Overijse,Heurkstraat 3,"(50.765664, 4.5367317)"
Sporthal Scherpenheuvel,August Nihoulstraat 72,"(50.976821, 4.976343902542342)"
De Vruen Waanrode,Grote Vreunte 57b,"(50.9138796, 5.0040322)"
Houtemveld Hal 3 Tienen,Sporthalstraat 12,"(50.81892, 4.9456346)"
De Prins Diest,Nijverheidslaan 14,"(50.989335350000005, 5.043294139746402)"
Masano Diest,Waterstraat 38,"(51.0186766, 4.8024479145324825)"
Sporthal Averbode,Vorststraat 55,"(51.0211214, 4.998902891336871)"
Houtemveld Hal 2 Tienen,Sporthalstraat 12,"(50.81892, 4.9456346)"
De Koekoek Halen,Sportlaan 4B,"(50.7359577, 4.520030914394284)"
Ten Gaerde Groot-Bijgaarden,Jozef Mertensstraat 27 A,"(50.8768208, 4.2542403)"
Vogelenzang Beersel,Dworpsestraat 149,"(50.75935435, 4.280519486849684)"
Kerkeveld Beersel,Schoolstraat 46,"(50.84560845, 4.95441555)"
Sporthal Drogenbos,Steenweg op Drogenbos 250,"(50.785125750000006, 4.3201053301275785)"
Koornmolen Gooik,Processiestraat 15,"(50.908095599999996, 4.25285565378868)"
Don Bosco Instituut Halle,Lenniksesteenweg 2,"(50.7432108, 4.2289386)"
Bricout Halle,Mimosastraat,"(50.718303, 4.2200928)"
De Bres Halle,Monseigneur Senciestraat 13,"(50.7372377, 4.238945)"
Jo Baetens Lennik,Alfred Algoetstraat 77,"(50.8078772, 4.1635003)"
A.J. Braillard St-Pieters-Leeuw,Wandelingstraat 52,"(50.9961691, 4.7391411)"
Caerenbergveld Schepdaal,Kerkhofstraat,"(50.8311673, 4.5588683)"
Wildersport Sint-Pieters-Leeuw,Sportlaan 11,"(50.84603975, 4.259170424711321)"
Don Bosco Groot-Bijgaarden,Brusselstraat 285,"(50.869647650000005, 4.260222194366584)"
GO! Technisch Atheneum Halle,Kluisstraat 1,"(50.734300899999994, 4.246026963123676)"
Sportcentrum Ternat,Van Cauwelaertstraat 26,"(50.869361, 4.175089546911197)"
Sint-Jozef Instituut Ternat,Statiestraat 55,"(50.873231849999996, 4.168292800196925)"
Belleheide Roosdaal,Omer de Vidtslaan 52,"(50.8329691, 4.089192826726199)"
Sporthal Denderhoutem,Pastorijweg 23,"(50.893732400000005, 5.162012173325765)"
Bosveld Machelen,Heirbaan 10,"(50.86790275, 4.917637251400106)"
Robusta Machelen,Henri Rampelbergstraat 20,"(50.91079015, 4.432577249999996)"
Eurovolleycenter Vilvoorde,Beneluxlaan 22,"(50.9149795, 4.4036794)"
Waalborre Asse,Potaarde 14,"(50.91350815, 4.356644544375022)"
Sportloods Waalborre Asse,Potaarde 14,"(50.91350815, 4.356644544375022)"
Borgt Grimbergen,Frans en Jozef Belstraat 1,"(50.92782505, 4.410792655705098)"
Prinsenbos Grimbergen,Pastoor Woutersstraat,"(50.9321958, 4.3708751)"
Verbrande Brug Grimbergen,Vaartstraat,"(50.8858659, 4.700904)"
Sporthal Meise,Ann Christy-plein 4,"(50.9355455, 4.3268424)"
Ten Dries Meise,Populierenlaan 20,"(50.9244218, 4.51205753542601)"
Sporthal Merchtem,Dendermondestraat 25,"(50.9612318, 4.228450251097009)"
Vertommen Strombeek-Bever,Grotewinkellaan,"(50.9066588, 4.3629982)"
Soens Strombeek-Bever,Singel 57,"(50.9126343, 4.351732735742859)"
Stedelijke sporthal Vilvoorde,Slachthuisstraat,"(50.8066964, 4.9543248)"
Hazeweide Vilvoorde,Tulpenstraat,"(50.9898951, 4.836814)"
Sporthal Wemmel,Dijck 34,"(50.90041455, 4.304846363462808)"
PIVO Asse,Poverstraat,"(50.895198, 4.2796535)"
Punt K Vilvoorde,Streekbaan 189,"(50.9117306, 4.373673634706789)"
Houtem Vilvoorde,Karel Trekelsstraat,"(50.9499895, 4.4638864)"
Hertblock Steenokkerzeel,Orchideeënlaan,"(50.9221054, 4.5061338)"
ZAVO Zaventem,Hoogstraat 3,"(50.76738465, 4.920558780999087)"
Sporthal St-Stevens-Woluwe,Leuvensesteenweg 194,"(50.978918449999995, 4.819406151916379)"
Sporthal Kraainem,Patronaatstraat 10,"(50.864139550000004, 4.465795187109319)"
R. Cumps Wezembeek-Oppem,Astridlaan 85,"(50.74039435, 4.38297905626963)"
De Steenberg Tervuren,Spechtenlaan,"(50.8587532, 4.5369055)"
Diependal Tervuren,Lindeboomstraat 30,"(50.817831850000005, 4.511276163873486)"
Sportcentrum Defensie Duisburg,Hertswegenstraat 61,"(50.81892655, 4.533804375782875)"
Den Akker Beernem,Sportstraat 1,"(51.2266247, 2.963468789309537)"
Sport Vlaanderen Blankenberge,Koning Boudewijnlaan 15 B,"(51.31118265, 3.1419828182392253)"
D'Hoogploate Blankenberge,Willem Tellstraat 32,"(51.3085787, 3.1345551)"
OLV College Brugge,Collegestraat 24 B,"(51.204232, 3.252563608361177)"
Stamina Brugge,Daverlostraat 132,"(51.1950378, 3.243517023987037)"
Daverlo Brugge,Dries 2,"(51.1933137, 3.2482582)"
Jan Breydel Brugge,Koning Leopold III-laan 50,"(50.8381511, 3.2691159)"
Sint Lodewijkscollege Brugge,Magdalenastraat 30,"(51.2008872, 3.2101053)"
SBSO De Varens Brugge,Nieuwe Sint-Annadreef 27,"(51.19000775, 3.1743953144279633)"
Sport Vlaanderen Brugge,Nijverheidsstraat 112,"(51.2039627, 3.2442324)"
KTA Brugge,Rijselstraat 5,"(50.765228750000006, 2.8999313658955526)"
VHSI Brugge,Spoorwegstraat 14,"(51.0909537, 3.064484954617497)"
Tempelhof Brugge,Tempelhof 57,"(51.226468, 3.2026139)"
Koude Keuken Brugge,Zandstraat 284,"(51.20161355, 3.179780894476298)"
t Veld Damme,Eikelberg 3,"(51.21450815, 3.3102262926415893)"
Gemeenteschool Damme,Stationsstraat 13,"(50.996468699999994, 3.0985086786290363)"
Meuleweg Damme,Vissersstraat 2 A,"(51.2393778, 3.341806)"
Haneveld Grote Hal De Haan,Nieuwe Steenweg 74,"(51.260752749999995, 3.027165578479517)"
Haneveld Kleine Hal De Haan,Nieuwe Steenweg 74,"(51.260752749999995, 3.027165578479517)"
De Polder Dudzele,Stokerij 2,"(51.004136, 3.323125723713228)"
VCJ Jabbeke,Vlamingveld 40,"(51.182639949999995, 3.1019878759425623)"
De Stormmeeuw Knokke-Heist,Edward Verheyestraat 14,"(51.33987865, 3.2905950373695982)"
Molenhoek Knokke-Heist,Herenweg 11 A,"(51.3119415, 3.2986725)"
Strooien Hane Loppem,Albert Van Caloenstraat 2,"(51.1582281, 3.1990657)"
De Valkaart Oostkamp,Albrecht Rodenbachstraat 42,"(50.927379450000004, 3.2550858168338013)"
Hof ter Straeten Varsenare,Hof Van Straeten 2,"(51.19115245, 3.14209208630931)"
De Landdijk Zeebrugge,Evendijk-Oost 246,"(51.33018145, 3.2133812921541836)"
SASK Brugge,Veltemweg,"(51.2072757, 3.266018)"
Ridefort Ruddervoorde,Sportstraat 2,"(51.22652195, 2.9638173904545466)"
PZ Onzelievevrouw Brugge,Barrièrestraat,"(51.1939157, 3.207533)"
Sint-Leocollege Brugge,Potterierei 11,"(51.2156569, 3.2295524)"
De Groene Meersen Zedelgem,Stadionlaan 48,"(51.1399532, 3.1528248224830984)"
Ter Polder Bredene,Spuikomlaan 21,"(51.230672, 2.964767934303037)"
De Bosserij Zedelgem,Acaciastraat 31,"(51.0999899, 3.1625303912755056)"
Ter Beke Oudenburg,Bekestraat 16,"(51.18174685, 3.009989184170681)"
Xaverianen Brugge,Xaverianenstraat,"(51.1879963, 3.2054151)"
De Spuikom Oostende,Dokter Eduard Moreauxlaan 1,"(51.22455395, 2.941998293597951)"
De Keiberg Ichtegem,Keibergstaat,"(51.0900801, 3.0262262)"
De Mast Torhout,Industrielaan 2,"(50.86343705, 3.446386023061757)"
De Mote Koekelare,Belhuttebaan 40,"(51.085691100000005, 2.9812459909925026)"
Sportdoze Blankenberge,Koning Albert I Laan 114b,"(51.315941300000006, 3.143702439412892)"
VIVES Bosan Torhout,Sint-Jozefstraat 1,"(51.068716550000005, 3.106690199979381)"
VTI Brugge,Vaartdijkstraat 3,"(51.193216, 3.2283138)"
Eureka Atheneum Torhout,Rijselstraat 110,"(51.1876221, 3.2108319)"
Sint-Andreasinstituut Brugge,Jakobinessenstraat 4,"(51.203511899999995, 3.2300340499011257)"
Drogenbrood Beernem,Wellingstraat 29 A,"(51.1348519, 3.322437104551953)"
Zomerloos Gistel,Sportstraat 1,"(51.2266247, 2.963468789309537)"
Sint Godelievecollege Gistel,St-Jans-Gasthuisstraat 20,"(51.1568618, 2.9705568)"
Sporthal Eernegem,Bruggestraat 104 A,"(51.131173, 3.0363229)"
Sint-Andreas Oostende,Steensedijk 151,"(51.202861150000004, 2.9093743116326927)"
Grimmertinge Moorslede,Iepersestraat 52 H,"(50.8890077, 3.0549929)"
De Brug GEEN ZVB Roeselare,Brugsesteenweg 75,"(50.9536839, 3.1203233132703003)"
Sporthal Gullegem Wevelgem,Peperstraat 10b,"(50.8432149, 3.2068811)"
De Dageraad Harelbeke,Stasegemsesteenweg 21,"(50.846661749999996, 3.3115409932616036)"
De Vlasschaard Harelbeke,Vlietestraat 25,"(50.87535595, 3.3091073580985935)"
De Hoge Kouter Kortrijk,Bad Godesberglaan 21,"(50.8082422, 3.3005687)"
Lange Munte Hal 1 Kortrijk,Bad Godesberglaan 22,"(50.8070685, 3.3018301)"
Lange Munte Hal 2 Kortrijk,Bad Godesberglaan 22,"(50.8070685, 3.3018301)"
Ter Biezen Kortrijk,Heulsestraat 82,"(50.87976475, 3.2358932)"
Lagaeplein Kortrijk,Lagaeplein 3,"(50.84538415, 3.2359424433166843)"
Mimosa Kortrijk,Mimosalaan,"(50.815649, 3.2822015)"
Wembley Kortrijk,Moorseelsestraat 144,"(50.8327019, 3.2378622)"
Olympiadeplein Kortrijk,Olympiadeplein 1,"(50.8014489, 3.2220923046678696)"
VTI Kortrijk,Oudenaardsesteenweg 168,"(50.7794222, 3.4589902)"
Pleinschool Leiekant Kortrijk,Plein 14,"(50.8303308, 3.272967321586224)"
Hiepso Kortrijk,Renaat De Rudderlaan 6,"(50.8224869, 3.2844678)"
Sporthal Kuurne,Nieuwenhuyse 49,"(50.8532697, 3.272084767628063)"
Ter Leie Lauwe,Hospitaalstraat 10,"(51.22337195, 2.916397721750663)"
Sporthal Lendelede,Steuren Ambacht 2,"(50.8829963, 3.2319691)"
Ter Steenlandt Menen,Lauwestraat 64 A,"(50.7860335, 3.167199278720161)"
Vauban Menen,Waalvest 1,"(50.793155049999996, 3.1262080853809007)"
Sporthal Moorsele,Secretaris Vanmarckelaan,"(50.8417623, 3.1716135)"
De Spoele Otegem,Scheldestraat 14,"(50.8072455, 3.4967685)"
De Weimeersen Rollegem,Rollegemkerkstraat,"(50.7657907, 3.2530946)"
De Vlasschaard Wevelgem,Menenstraat 122 1,"(50.8318814, 3.0004374)"
Sportpunt 2 Zwevegem,Bekaertstraat 4,"(50.81717935, 3.3329924951980567)"
Gemeentelijke Feesthal Zwevegem,Kouterstraat 80,"(50.9506834, 2.855887365677964)"
Gaverdomein Deerlijk,Vercruysse de Solartstraat 30,"(50.8461587, 3.3549592)"
Leiestadion Desselgem,Georges Coornaertdreef 6,"(50.8855765, 3.3571925258757687)"
Mandelmeersen Oostrozebeke,Ernest Brengierstraat 8 1,"(50.9211114, 3.3332643)"
Beekdale Vichte,Ommersheimplein 2,"(50.8387911, 3.3992164)"
Den Averul Beveren-Leie,Koning Albertstraat 18,"(51.03198875, 2.8644103450239147)"
De Treffer Waregem,Meersstraat 5,"(50.938904300000004, 3.2520782675563025)"
Heilig Hartcollege Waregem,Olmstraat 52,"(50.8906877, 3.4244799)"
Jeugdcentrum Waregem,Zuiderlaan 46,"(50.88115995, 3.4322639125415773)"
Leieland Wielsbeke,Guido Gezellestraat 55 A,"(50.80866585, 3.080321621430169)"
Hernieuwenburg Wielsbeke,Hernieuwenstraat 14,"(50.9112999, 3.3743249319298405)"
De Vlaschaard Wielsbeke,Willem Bouvier Cartonstraat 44 A,"(50.9118922, 3.3900513725206585)"
Overleie Menen,Oude Leielaan,"(50.7922047, 3.122322)"
Oltereeke Moorslede,Nijverheidslaan,"(50.8464986, 3.1085387)"
Sporthal Ledegem,Sint-Eloois-Winkelstraat,"(50.8587279, 3.1269889)"
Sporthal Rollegem-Kapelle,Schoolstraat,"(50.9983185, 3.4186068)"
Sporthal St-Eloois-Winkel,Dorpsplein 17 A,"(50.87632295, 3.1770852051594467)"
RHIZO Lyceum OLV Vlaanderen Kortrijk,Burgemeester Pyckestraat 67,"(50.8183961, 3.2637431005125817)"
VTI Roeselare,Leenstraat 32/58,"(51.2066335, 3.3132281)"
Instituut De Pelichy Izegem,Gentsestraat 31,"(50.89429085, 3.0720037421461845)"
Krekel Noord Izegem,Heilig Hartstraat 15,"(50.856811199999996, 2.7330920547132216)"
Sporthal Ingelmunster,Bollewerpstraat 92 A,"(50.9214404, 3.2639043)"
Ter Borcht Meulebeke,Ingelmunstersteenweg 11,"(50.9440929, 3.2786774659775335)"
t SOK Kachtem,Hogestraat 15,"(51.0302565, 2.9652446)"
Onze Kinderen Roeselare,Blommestraat 14,"(50.8210705, 3.4406599)"
Klein Seminarie Roeselare,Zuidstraat 27,"(51.08744735, 2.9759604126104806)"
Schiervelde Roeselare,Diksmuidsesteenweg 396,"(50.95126585, 3.103422463800578)"
Beveren Roeselare,Izegemseaardeweg 30,"(50.966631, 3.1443455)"
Instituut Heilig Kindsheid Ardooie,Brugstraat 32,"(50.97643545, 3.20191074807583)"
De Ark Grote Zaal Ardooie,Melkerijstraat 2 A,"(51.09779125, 2.8943227527562216)"
De Ark Parketzaal Ardooie,Melkerijstraat 2 A,"(51.09779125, 2.8943227527562216)"
